domain,price
blog.sportsvenue-technology.com,300
blog.ochre-media.com,300
theqnote.com,260
fitwell.bg,260
technofizi.com,250
newzealandtimes.co.uk,240
teddingtontown.co.uk,230
greenmomsnetwork.com,220
thefourhourworkday.com,210
onsmb.com,210
financialconversation.com,210
dope-smoker.co.uk,210
dopamine.net.au,210
think-magazine.com,200
thinkexpats.com,200
thetragicallyunhip.com,200
discoveryfinance.com,200
citizenoracle.com,200
backpackingworldwide.com,200
icenimagazine.co.uk,190
debate-motions.info,190
bigfatmarketingblog.com,190
secondreading.uk,180
monetarylibrary.com,180
locationlessliving.com,180
devicebar.com,180
cbrdigital.com,180
theshirtoffmybackpack.com,170
bizblog.cosmobc.com,170
astroblog.cosmobc.com,170
justnoisetome.com,165
gadgetguide4u.com,165
smashinglife.co.uk,160
dollarfrugal.com,160
cioinsiderindia.com,160
cioinsiderindia.com,160
malawianwatchdog.com,155
world-fashion.info,150
thecheckernews.com,150
techsagar.com,150
technologymagazines.net,150
techalgorithm.com,150
rashidfaridi.com,150
northernirishmaninpoland.com,150
midlifefinance.com,150
liccourtsquare.com,150
gurusway.com,150
globalglam.com,150
gadgetcubes.com,150
christianfinanceblog.com,150
calcioinsider.com,150
blog-guru.net,150
blogete.com,150
blog.dubaicityguide.com,150
addictootech.com,150
phatinvestor.com,140
gadgetmentions.com,140
africaglobalnews.com,140
tenfactorialrocks.com,130
linkfeel.com,130
frugalgardening.com,130
careerpro.com,130
timkevan.blogspot.com,120
pibriefupdate.com,120
loonyliterate.com,120
lawbriefpublishing.com,120
interchangefx.co.uk,120
fortunecity.uk,120
babybarista.com,120
uniquetipsonline.com,110
somewhereoverthesun.com,110
sociochick.com,110
amontrealerabroad.com,110
triiibes.com,100
philtimes.com.au,100
mediadigi.com,100
gadget-live.com,100
bloggerstack.com,100
notyourtypicalmommy.com,95
zuluwinter.com,90
tippingpointtavern.com,90
theleadbellynyc.com,90
planesandchoppers.com,90
nwconnected.co.uk,90
geekvintage.com,90
freebornaiden.com,90
dailyfinancemag.com,90
alltechninja.com,90
whoopzz.com,85
chantercine.com,85
wetraveling.org,80
washingtonlatest.com,80
thesocialmagazine.com,80
thefitscene.com,80
thecountrygal.com,80
ten.info,80
reviewsacademy.com,80
padmagazine.co.uk,80
newsquench.com,80
lootsie.com,80
iddaalihaber.com,80
geekblog.net,80
fillmymoneybox.com,80
entrepreneurstoolkit.org,80
digilatest.com,80
businessmayor.com,80
btchunts.com,80
btcheights.com,80
bizargirls.com,80
ayoungblog.com,80
asianewsday.com,80
usnews.net,75
therichnetworth.com,75
searchenginemagazine.com,75
philadelphiaherald.com,75
michiganmamanews.com,75
maxlandiswrites.com,75
i-millennial.com,75
icrowdresearch.com,75
houstonmirror.com,75
denversun.com,75
california.statenews.net,75
businesssun.com,75
bostonnews.net,75
atlantanews.net,75
weekendsidetrip.com,70
vintonville.com,70
todayisfree.com,70
themessenger.global,70
thefirstreporter.com,70
shoppingntoday.com,70
qriousmag.com,70
prowpatareeya.info,70
professionaljourney.com,70
partisanissues.com,70
nissat.org,70
linkedandloaded.com,70
joyofcreating.org,70
inspirebuddy.com,70
insidegreentech.com,70
influencingentrepreneur.com,70
infinitegamepublishing.com,70
gizmochunk.com,70
gadgetinterest.com,70
exploitboston.com,70
creativemagma.com,70
bottomlinefitness.com,70
barbershopblog.com,70
askbronny.com,70
americaweakly.com,70
wasbst.com,65
thedailyposh.net,65
thebuddy.me,65
speakingdots.com,65
jiofied.com,65
hzeppfeed.com,65
finder6.com,65
cawebpages.com,65
analyfe.com,65
voxadelphia.com,60
veryhelpful.net,60
tornasolbroadcast.com,60
tingtau.com,60
techmasai.com,60
sportsafetyinternational.org,60
smallbusinessllm.com,60
postregistrar.com,60
pluggingtheleaks.org,60
pindigit.com,60
normsconference.com,60
newarkwire.net,60
misstral.com,60
mediamural.com,60
martinimedianetwork.com,60
livesportsreviews.com,60
letusfindout.com,60
kaigi.biz,60
helpmore.net,60
financeblogzone.com,60
dittrichassociates.com,60
cover365.in,60
businessarticleshub.com,60
zmrblog.com,50
unshootables.com,50
theothersidemagazine.com,50
stepbystepentrepreneur.com,50
rsfmagazine.com,50
right-click-online.com,50
modapkdownload.org,50
labwithleo.com,50
instamedia.com,50
healthoffered.com,50
hacking-guide.com,50
guidegeekz.com,50
greencrestcapital.com,50
gojquery.com,50
gadgetfever.org,50
entrepreneurbynature.com,50
edefines.com,50
eatingcleveland.com,50
cre8tivenerd.com,50
celebguru.com,50
careersavvy.co.uk,50
bloggingcoffe.com,50
blerrp.com,50
adriennemonson.com,50
webtoolsdepot.com,45
vteki.com,45
vtecki.com,45
theadtraffic.com,45
sterlingtring.com,45
queenbeeszone.com,45
priceclues.com,45
plangrip.com,45
leadingfile.com,45
ispoz.com,45
inewstelegraph.com,45
igadgetkart.com,45
igadgetbazaar.com,45
healthreviewguide.com,45
epaperplanes.com,45
egagets.com,45
edutwitt.com,45
dicksnationals.com,45
worldnewsmania.com,40
weaponsblog.org,40
ways2gohealthy.com,40
viralvog.com,40
versatile-fashions.com,40
thinktag.org,40
thinkbetterliving.com,40
theoutdoorwomen.com,40
thegobblersknob.com,40
thefunniestpost.com,40
thebeautybit.com,40
thebeaglenyc.com,40
stealing-beauty.com,40
starfishdeli.com.au,40
smallonlinebusinessopportunity.com,40
seodiscovery.org,40
ronaldomenendez.com,40
rabidgeek.net,40
quickstartmoneysite.com,40
onlinebuymobile.com,40
melanom.net,40
maximvengerovfans.co.uk,40
larnr.org,40
joyfulturtle.com,40
gnutella.co.uk,40
foxworldmedia.com,40
fanfoot.org,40
drugpeace.org,40
designgeekz.com,40
deathontwowheels.com,40
darnika.info,40
compostweets.com,40
cmsteachings.com,40
cat-behavior-explained.com,40
blogingbloging.com,40
babyberry.in,40
allfinancedirectory.com,40
usadailychronicles.com,30
unxnewsmagazine.com,30
typicalshooter.com,30
twer-king.com,30
thetimesusa.com,30
swop-nyc.org,30
solutions-sante.org,30
solutionsdebtmanagement.com,30
sizlingpeople.com,30
quickpaydayloansus.com,30
ppireclaimcalculator.net,30
paydayloanstys.com,30
online-investing-tips.com,30
oksearch123.com,30
officehelptogo.com,30
netmarketzine.com,30
myonlineinsur.com,30
mymegquest.com,30
mortgagebattlecall.com,30
mamisundbabys.com,30
location-sartene.com,30
kernpioneer.org,30
kaplanfx.com,30
investjpgroup.com,30
instantpaydayloancompany.com,30
i-dayz.com,30
getcashpaydayloansonline.com,30
geoffthomasfoundation.com,30
forwardhyjal.com,30
ffksaving.com,30
fernandaabarcacakes.com,30
explicandoo.com,30
eprofitbux.com,30
eg3rb.com,30
dieudonne-officiel.com,30
concretewardrobe.com,30
charlesbombardier.com,30
businessonlineguide.com,30
blogcriandotestralios.com,30
badcredittexashome.com,30
activitybucket.com,30
123blogme.com,30
zorkiphoto.co.uk,25
usamagazine.net,25
ttitrends.com,25
thegunpage.com,25
onlinereadershub.com,25
justwebdevelopment.com,25
happyspeedy.com,25
buyfreshnwj.org,25
yukigassencanada.com,20
youtubecategories.com,20
yournewzz.com,20
wordlessdesign.com,20
wallpaperzhd.com,20
vzlareggaezine.com,20
vexhibits.com,20
truebloodfansource.com,20
triple10pass.com,20
toptechpublisher.com,20
topline-2000.com,20
top-10-blog.com,20
thedocisin.net,20
terrorscoop.com,20
technewuk.com,20
talkgwinnett.net,20
swissnexchinanews.org,20
streamiumcafe.com,20
stonesofphilly.com,20
squaradv.com,20
socialbusinesswriter.com,20
smidoza.info,20
skyypro.com,20
roportajdeposu.com,20
residenceclubpgawest4sale.com,20
rainofdew.com,20
prostopic.net,20
premierach.com,20
powerpointspowerpoints.com,20
plazaboricua.com,20
placowki.net,20
piwnich.info,20
philippesarre.com,20
penelopespeople.com,20
paydayloansqx.com,20
paydayloanscheckrates.com,20
pastoucheauvenezuela.com,20
parallelprofits.biz,20
pahlawanindonesia.com,20
oxstones.com,20
othonmataragas.com,20
openmindproject.net,20
online-job-search.net,20
onlinebloghub.com,20
olbermann.org,20
nt07.org,20
newsilkroadtravel.com,20
netbusinesszone.com,20
nerocities.com,20
mutube.org,20
mstene.com,20
mondoerotica.net,20
mommytopaz.com,20
milford-now.com,20
mediconlive.com,20
mediatrainingforceos.com,20
mandystockholm.com,20
malwarwicknews.com,20
magazinov.net,20
m7shsh.net,20
liferus.info,20
lgsf4hd.com,20
levichev.info,20
lettersonpages.com,20
letterofintent.biz,20
letsblogoff.com,20
leschopesdumoulin.com,20
krynitsa.info,20
klasikoa.net,20
julie-benz.info,20
jordan-business.net,20
jonathanpowellmusic.com,20
jobstractor.com,20
jkhint.com,20
jewishlayout.com,20
infocifras.org,20
igalaxys8samsung.com,20
humbertodelacalle.co,20
hulumagazine.com,20
hockeytalk.biz,20
hamamatsugyouza.com,20
guestpostshub.com,20
guangrongkeji.com,20
gramdalf.com,20
googlewaveinvites.com,20
goodsoptical.com,20
funny-page.net,20
freeclubs.net,20
forum-htc-dev.net,20
finddir.com,20
financialadvisersblog.com,20
fastestwaytocome.com,20
fashionableseasons.com,20
everythingsabuzz.com,20
eulogiesmusic.com,20
estatuaslimitededition.com,20
essencelove.co.uk,20
emartspider.com,20
elvanco.com,20
ecomproducts.info,20
eccentricleopard.com,20
drrashmihebalkar.com,20
donursulo.com,20
dillaservices.com,20
debtconsolidationwiki.com,20
dbfnetwork.info,20
datazheng.com,20
darwinsgalapagos.com,20
cultureshockmag.org,20
crazymax.org,20
connpolitics.tv,20
concursurile.com,20
complejob.net,20
comonoserprecoz.com,20
columbiamattressuph.com,20
climateprojectcanada.org,20
clarejon.com,20
civilwhore.com,20
cidadera.com,20
cialisonline-bestrxstore.com,20
captainmike.org,20
cairotr.com,20
cafeofdreamsbookreviews.com,20
byebyebandit.com,20
business-directory-local.com,20
buckleysporthorses.com,20
brainrack.co,20
bourseemploimaroc.com,20
bosspsncodegen.net,20
bloodskies.com,20
blogpostz.com,20
bloghalt.com,20
blog.ekdantamclinic.com,20
bitfortuneglobal.com,20
birkenstockuk.co.uk,20
bilpin.co.uk,20
bilinmeyenler.org,20
bestofwhatsapp.in,20
beaconchronicle.com,20
baylarsoruyor.com,20
aznovosti.com,20
avtozaper.com,20
asiantogel.com,20
amazingcentral.com,20
alra7ba.info,20
allisonpeter.com,20
al-hora.net,20
adultstarvlog.com,20
accent-soc.com,20
acai-berry-pastillas.xyz,20
