domain,domain authority
mymegquest.com,19
hockeytalk.biz,23
businessarticleshub.com,23
martinimedianetwork.com,23
fernandaabarcacakes.com,31
inewstelegraph.com,60
ppireclaimcalculator.net,18
fanfoot.org,18
dbfnetwork.info,21
terrorscoop.com,32
lootsie.com,39
fastestwaytocome.com,41
youtubecategories.com,55
yournewzz.com,60
penelopespeople.com,16
ways2gohealthy.com,19
melanom.net,20
jiofied.com,22
letusfindout.com,26
explicandoo.com,33
concretewardrobe.com,41
i-dayz.com,17
misstral.com,27
skyypro.com,57
prowpatareeya.info,15
everythingsabuzz.com,17
officehelptogo.com,17
cultureshockmag.org,19
quickpaydayloansus.com,21
maximvengerovfans.co.uk,32
infocifras.org,40
elvanco.com,55
barbershopblog.com,23
toptechpublisher.com,60
bitfortuneglobal.com,20
exploitboston.com,22
entrepreneurstoolkit.org,24
blog.dubaicityguide.com,48
btchunts.com,17
techalgorithm.com,19
othonmataragas.com,24
sociochick.com,25
bizargirls.com,23
versatile-fashions.com,26
hamamatsugyouza.com,28
comonoserprecoz.com,31
quickstartmoneysite.com,63
vzlareggaezine.com,17
right-click-online.com,18
guestpostshub.com,19
zmrblog.com,24
wordlessdesign.com,34
stonesofphilly.com,35
blog.sportsvenue-technology.com,38
btcheights.com,16
concursurile.com,16
qriousmag.com,22
dopamine.net.au,23
plazaboricua.com,24
michiganmamanews.com,28
julie-benz.info,31
vintonville.com,20
starfishdeli.com.au,31
pastoucheauvenezuela.com,15
forwardhyjal.com,18
weaponsblog.org,30
guangrongkeji.com,16
geekblog.net,17
socialbusinesswriter.com,18
cairotr.com,20
letsblogoff.com,23
bestofwhatsapp.in,24
thinktag.org,26
onsmb.com,29
rabidgeek.net,55
mamisundbabys.com,15
nt07.org,16
usadailychronicles.com,19
partisanissues.com,21
gadgetfever.org,22
darnika.info,24
wallpaperzhd.com,25
finddir.com,15
uniquetipsonline.com,17
technofizi.com,17
think-magazine.com,20
geoffthomasfoundation.com,23
olbermann.org,26
cbrdigital.com,30
piwnich.info,33
greencrestcapital.com,53
mutube.org,16
netbusinesszone.com,17
hzeppfeed.com,20
liferus.info,25
liccourtsquare.com,30
speakingdots.com,16
columbiamattressuph.com,17
gadgetguide4u.com,19
igalaxys8samsung.com,20
locationlessliving.com,20
theqnote.com,23
lettersonpages.com,19
iddaalihaber.com,20
typicalshooter.com,21
acai-berry-pastillas.xyz,26
estatuaslimitededition.com,26
postregistrar.com,43
newsilkroadtravel.com,54
plangrip.com,15
normsconference.com,16
pindigit.com,19
tornasolbroadcast.com,22
essencelove.co.uk,17
m7shsh.net,24
citizenoracle.com,27
notyourtypicalmommy.com,15
drrashmihebalkar.com,18
shoppingtoeasy.us,22
todayisfree.com,25
webtoolsdepot.com,20
alittleindulgence.us,19
investjpgroup.com,20
blog.ochre-media.com,22
adriennemonson.com,24
financialconversation.com,26
eulogiesmusic.com,26
paydayloanscheckrates.com,15
modapkdownload.org,21
hacking-guide.com,21
klasikoa.net,29
thetimesusa.com,15
linkedandloaded.com,16
reviewsacademy.com,19
joyofcreating.org,19
fortunecity.uk,20
magazinov.net,22
compostweets.com,23
veryhelpful.net,28
humbertodelacalle.co,35
truebloodfansource.com,36
topline-2000.com,17
parallelprofits.biz,21
dailyfinancemag.com,23
fashionableseasons.com,24
businessmayor.com,24
triple10pass.com,26
krynitsa.info,30
malawianwatchdog.com,34
smallbusinessllm.com,22
prostopic.net,22
epaperplanes.com,59
thegobblersknob.com,16
theoutdoorwomen.com,19
jewishlayout.com,21
wasbst.com,22
padmagazine.co.uk,24
freebornaiden.com,26
charlesbombardier.com,36
ecomproducts.info,15
ttitrends.com,18
loonyliterate.com,25
justnoisetome.com,26
hulumagazine.com,27
stealing-beauty.com,28
kernpioneer.org,38
vexhibits.com,19
mstene.com,20
progoo.us,22
lgsf4hd.com,24
california.statenews.net,35
debtconsolidationwiki.com,15
thefunniestpost.com,15
thinkexpats.com,22
adultstarvlog.com,33
goodsoptical.com,17
africaglobalnews.com,18
complejob.net,31
talkgwinnett.net,32
bloodskies.com,66
business-directory-local.com,19
eg3rb.com,20
financeblogzone.com,21
theleadbellynyc.com,32
openmindproject.net,16
clarejon.com,17
gurusway.com,20
bostonnews.net,21
cawebpages.com,21
cioinsiderindia.com,23
cioinsiderindia.com,23
thefreedomreport.us,25
deathontwowheels.com,25
unshootables.com,26
viralvog.com,26
dillaservices.com,16
creativemagma.com,16
coinomi.us,16
getcashpaydayloansonline.com,18
onlinebloghub.com,19
donursulo.com,19
linkfeel.com,20
darwinsgalapagos.com,26
mediatrainingforceos.com,24
residenceclubpgawest4sale.com,25
milford-now.com,26
bosspsncodegen.net,15
askbronny.com,16
coachoutlet-storeonline.us,21
climateprojectcanada.org,23
forum-htc-dev.net,25
dieudonne-officiel.com,28
careersavvy.co.uk,37
theadtraffic.com,57
shoppingntoday.com,15
wetraveling.org,19
globalglam.com,19
blogete.com,19
thecheckernews.com,20
ronaldomenendez.com,21
eprofitbux.com,23
instamedia.com,23
mediamural.com,16
thegunpage.com,25
frugalgardening.com,28
top-10-blog.com,28
thebuddy.me,32
mediadigi.com,18
philippesarre.com,19
tingtau.com,23
smallfinance.us,28
online-investing-tips.com,16
blogpostz.com,16
businessonlineguide.com,16
theshirtoffmybackpack.com,16
thecountrygal.com,16
smidoza.info,30
googlewaveinvites.com,35
asianewsday.com,16
swissnexchinanews.org,17
phatinvestor.com,18
brainrack.co,21
kaigi.biz,27
edutwitt.com,56
theothersidemagazine.com,16
asiantogel.com,23
chantercine.com,26
analyfe.com,60
leschopesdumoulin.com,17
shoppingcompanion.us,20
shoppingnumber.us,20
shoppinghands.us,20
oxstones.com,22
northernirishmaninpoland.com,28
gramdalf.com,15
shoppingsample.us,20
professionaljourney.com,20
connpolitics.tv,28
buyfreshnwj.org,19
americaweakly.com,19
drugpeace.org,20
jordan-business.net,29
online-job-search.net,30
thefitscene.com,35
priceclues.com,59
vtecki.com,61
queenbeeszone.com,15
instantpaydayloancompany.com,16
cover365.in,17
shoppingcharte.us,19
stepbystepentrepreneur.com,19
shoppingwinner.us,20
kaplanfx.com,18
shoppingecono.us,20
cheap5fingers.us,20
shoppingrates.us,20
thedocisin.net,24
labwithleo.com,26
allfinancedirectory.com,17
newsquench.com,34
washingtonlatest.com,16
nerocities.com,23
monetarylibrary.com,30
byebyebandit.com,33
zuluwinter.com,39
finder6.com,24
childpad.us,34
smashinglife.co.uk,40
atlantanews.net,25
badcredittexashome.com,15
ten.info,24
gnutella.co.uk,30
igadgetkart.com,59
foxworldmedia.com,16
gadgetmentions.com,17
allisonpeter.com,17
businessgram.us,20
onlinebuymobile.com,20
mediconlive.com,27
ayoungblog.com,40
egagets.com,55
premierach.com,17
alltechninja.com,18
nwconnected.co.uk,19
amontrealerabroad.com,26
usamagazine.net,17
designgeekz.com,20
joyfulturtle.com,25
digilatest.com,17
businessbrowser.us,20
blogingbloging.com,18
debate-motions.info,20
celebguru.com,24
cialisonline-bestrxstore.com,25
thefourhourworkday.com,32
themessenger.global,33
infinitegamepublishing.com,33
astroblog.cosmobc.com,43
healthreviewguide.com,61
eccentricleopard.com,15
thetragicallyunhip.com,15
fitwell.bg,30
planesandchoppers.com,32
calcioinsider.com,37
netmarketzine.com,18
businesswinner.us,20
levichev.info,28
ispoz.com,59
dthai.us,61
mandystockholm.com,22
powerpointspowerpoints.com,18
businessgroove.us,20
backpackingworldwide.com,25
guidegeekz.com,30
solutionsdebtmanagement.com,15
triiibes.com,18
discoveryfinance.com,36
thebeautybit.com,53
cmsteachings.com,57
123blogme.com,15
datazheng.com,16
createforum.us,20
bourseemploimaroc.com,20
larnr.org,23
mommytopaz.com,15
gadgetcubes.com,20
geekvintage.com,34
igadgetbazaar.com,62
freeclubs.net,15
emartspider.com,55
jkhint.com,57
accent-soc.com,19
bilinmeyenler.org,22
eatingcleveland.com,27
livesportsreviews.com,36
therichnetworth.com,38
happyspeedy.com,38
unxnewsmagazine.com,56
solutions-sante.org,16
businesseagle.us,19
businesscalculator.us,20
cre8tivenerd.com,21
mondoerotica.net,24
lawbriefpublishing.com,24
thebeaglenyc.com,33
worldnewsmania.com,61
technologymagazines.net,17
malwarwicknews.com,18
weekendsidetrip.com,20
civilwhore.com,23
gojquery.com,23
inspirebuddy.com,25
pahlawanindonesia.com,22
sportsafetyinternational.org,32
zorkiphoto.co.uk,37
myonlineinsur.com,15
jonathanpowellmusic.com,24
thedailyposh.net,25
cat-behavior-explained.com,31
technologycellar.us,15
bloggerstack.com,17
christianfinanceblog.com,22
cafeofdreamsbookreviews.com,25
rashidfaridi.com,26
amazingcentral.com,30
technologyeastbay.us,15
fillmymoneybox.com,25
blogcriandotestralios.com,26
streamiumcafe.com,30
pluggingtheleaks.org,33
technologyanchor.us,15
technologyguerrilla.us,15
voxadelphia.com,16
i-millennial.com,18
midlifefinance.com,18
shoppingsearcher.us,20
rsfmagazine.com,21
teddingtontown.co.uk,28
weddingnations.us,15
technologyescrow.us,15
technologyguerilla.us,15
rainofdew.com,16
world-fashion.info,23
devicebar.com,24
gizmochunk.com,28
technologycamel.us,15
technologyglamour.us,15
businessdish.us,20
captainmike.org,26
aznovosti.com,26
beaconchronicle.com,37
bizblog.cosmobc.com,43
buckleysporthorses.com,15
tippingpointtavern.com,19
babyberry.in,25
addictootech.com,27
technologyflavor.us,15
technologyclearance.us,15
gadgetinterest.com,18
tenfactorialrocks.com,26
somewhereoverthesun.com,28
bigfatmarketingblog.com,33
maxlandiswrites.com,42
thinkbetterliving.com,54
paydayloanstys.com,15
justwebdevelopment.com,16
dollarfrugal.com,24
jobstractor.com,29
thefirstreporter.com,30
placowki.net,32
blerrp.com,35
cidadera.com,36
onlinereadershub.com,17
twer-king.com,20
icenimagazine.co.uk,25
alra7ba.info,26
denversun.com,26
timkevan.blogspot.com,33
letterofintent.biz,36
newzealandtimes.co.uk,37
technologydivine.us,15
blog-guru.net,22
businesssun.com,24
activitybucket.com,28
gadget-live.com,30
secondreading.uk,40
bottomlinefitness.com,15
blog.ekdantamclinic.com,27
dope-smoker.co.uk,31
swop-nyc.org,36
sterlingtring.com,56
leadingfile.com,15
babybarista.com,35
healthoffered.com,26
vteki.com,58
paydayloansqx.com,17
bloggingcoffe.com,29
interchangefx.co.uk,29
sizlingpeople.com,65
mortgagebattlecall.com,17
careerpro.com,21
yukigassencanada.com,30
seodiscovery.org,16
location-sartene.com,18
influencingentrepreneur.com,18
philtimes.com.au,23
nissat.org,25
dicksnationals.com,57
icrowdresearch.com,18
crazymax.org,25
oksearch123.com,21
newarkwire.net,25
houstonmirror.com,22
smallonlinebusinessopportunity.com,28
entrepreneurbynature.com,15
edefines.com,19
avtozaper.com,22
whoopzz.com,22
usnews.net,26
al-hora.net,27
insidegreentech.com,34
ffksaving.com,16
pibriefupdate.com,19
roportajdeposu.com,20
philadelphiaherald.com,20
baylarsoruyor.com,21
techsagar.com,22
bilpin.co.uk,25
searchenginemagazine.com,25
bloghalt.com,56
funny-page.net,26
techmasai.com,22
birkenstockuk.co.uk,23
greenmomsnetwork.com,25
thesocialmagazine.com,32
squaradv.com,42
dittrichassociates.com,17
helpmore.net,19
financialadvisersblog.com,21
technewuk.com,24
